name,line
Bilbo, My dear Frodo.
Bilbo," You asked me one once if I had told you everything there was to know about my adventures. And while I can honestly say I have told you the truth, I may not have told you all of it."
Bilbo," I am old now, Frodo. I’m not the same Hobbit I once was."
Bilbo," I think it is time for you to know what really happened. It began long ago in a land far away to the east, the like of which you will not find in the world today."
Bilbo," There was the city of Dale. Its markets known far and wide, full of the bounties of vine and"
Bilbo," Thror ruled with utter surety, never doubting his house would endure, for his line lay secure in the lives of his son and grandson. Ahhh, Frodo, Erebor; built deep within the mountain itself, the beauty of this fortress city was legend."
Bilbo," Its wealth lay in the earth, in precious gems hewed from rock, and in great seams of gold,"
Bilbo," But the years of peace and plenty were not to last. Slowly, the days turned sour, and the"
Bilbo," The first they heard was a noise like a hurricane coming down from the north. The pines on the mountain creaked and cracked in a hot, dry wind."
Thorin," Balin, sound the alarm. Call out the guard. Do it now!"
Balin, What is it?
Thorin, Dragon. Dragon!!!
Bilbo, It was a fire drake from the north. Smaug had come.
Bilbo," Such wanton death was dealt that day, for this city of men was nothing to Smaug; his eye was set on another prize. For dragons covet gold, with a dark and fierce desire."
Thorin, Stand firm!
Thror, No!
Bilbo," Erebor was lost, for a dragon will guard his plunder as long as he lives."
Thorin, Run for your lives! Help us!
Bilbo, Thranduil would not risk the lives of his kin against the wrath of the dragon. No help came
Bilbo," Robbed of their homeland, the dwarves of Erebor wandered the wilderness, a once mighty"
Bilbo," The young dwarf prince took work where he could find it, laboring in the villages of men, but always he remembered the mountain smoke beneath the moon, the trees like torches blazing bright, for he had seen dragon fire in the sky, and his city turned to ash, and never forgave, and he never forgot."
Bilbo," That, my dear Frodo, is where I come in. For quite by chance, and the will of a Wizard, fate decided I would become part of this tale. It began, well, it began as you might expect. In a hole in the ground, there lived a Hobbit. Not a nasty, dirty, wet hole, full of worms and oozy smells; this was a Hobbithole, and that means good food, a warm hearth, and all the comforts of home."
Bilbo, Thank you.
Frodo, What’s this?
Bilbo, That is private. Keep your sticky paws off. It’s not ready yet.
Frodo, Not ready for what?
Bilbo, Reading.
Bilbo, What on earth are these?
Frodo, Replies to the party invitations.
Bilbo, Oh! Good gracious! Is it today?
Frodo, They all said they’re coming. Except for the SackvilleBagginses; they’re demanding you ask them in person.
Bilbo," Are they, indeed? Over my dead body."
Frodo, They’d probably find that quite agreeable! They seem to think you have tunnels overflowing with gold.
Bilbo," It was one small chest, hardly overflowing. And it still smells of troll."
Frodo, What on earth are you doing?
Bilbo," Taking precautions. You know, I caught her making off with the silverware once."
Frodo, Who?
Bilbo, Lobelia SackvilleBaggins. She had all my spoons stuffed in her pockets. Hah! Dreadful
Frodo, When you’re...what?
Bilbo, It’s nothing. Nothing.
Frodo," You know, some people are beginning to wonder about you, Uncle. They think you’re"
Bilbo, Odd? Hmm.
Frodo, Unsociable.
Bilbo, Unsociable? Me? Nonsense. Be a good lad and put that on the gate.
Frodo, You think he’ll come?
Bilbo, Who?
Frodo, Gandalf.
Bilbo," Ahhh. He wouldn’t miss a chance to lit up his whizpoppers! He’ll give us quite a show, you’ll see."
Frodo," Alright then, I’m off."
Bilbo, Off to where?
Frodo, East Farthing woods. I’m going to surprise him.
Bilbo," Well, go on then! You don’t want to be late."
Bilbo," He doesn’t approve of being late. Not that I ever was. In those days, I was always on time. I was entirely respectable. And nothing unexpected ever happened."
Bilbo, Good morning.
Gandalf," What do you mean? Do you mean to wish me a good morning, or do you mean that it is a good morning whether I want it or not? Or, perhaps you mean to say that you feel good on this particular morning. Or are you simply stating that this is a morning to be good on?"
Bilbo," All of them at once, I suppose."
Bilbo, Can I help you?
Gandalf, That remains to be seen. I’m looking for someone to share in an adventure.
Bilbo," An adventure? Now, I don’t imagine anyone west of Bree would have much interest in"
Bilbo, Good morning.
Gandalf," To think that I should have lived to be goodmorninged by Belladonna Took’s son, as if I"
Bilbo, Beg your pardon?
Gandalf," You’ve changed, and not entirely for the better, Bilbo Baggins."
Bilbo," I’m sorry, do I know you?"
Gandalf," Well, you know my name, although you don’t remember I belong to it. I’m Gandalf! And"
Bilbo," Gandalf...not Gandalf, the wandering Wizard, who made such excellent fireworks! Old Took used to have them on Midsummer’s Eve. Ha, ha! Well. Hmm, I had no idea you were still in business."
Gandalf, And where else should I be?
Bilbo," Ha, ha! Hm, hmm..."
Gandalf," Well, I’m pleased to find your remember something about me, even if it’s only my fireworks. Well that’s decided. It will be very good for you, and most amusing for me. I shall inform the others."
Bilbo," Inform the who? What? No. No. No! Wait. We do not want any adventures here, thank you. Not today, notmm. I suggest you try over the Hill or across the Water. Good morning."
Bilbo, Ah.
Dwalin," Dwalin, at your service."
Bilbo," Bilbo Baggins, at yours."
Bilbo, D-do we know each other?
Dwalin," No. Which way, laddie? Is it down here?"
Bilbo, I-is what down where?
Dwalin," Supper. He said there’d be food, and lots of it."
Bilbo, H-He said? Who said?
Dwalin," Mmmm. … Very good, this. Any more?"
Bilbo," What? Uh, oh, yes, yes"
Dwalin, Ah.
Bilbo, Help yourself.
Bilbo," Mmmm. It’s just that, um, I wasn’t expecting company."
Dwalin, That’ll be the door.
Balin," Balin, at your service."
Bilbo, Good evening.
Balin," Yes, yes it is, though I think it might rain later. Am I late?"
Bilbo, Late for what?
Balin," Oh, ha ha! Evening, brother. Heh, heh."
Dwalin," Oh, by my beard, you are shorter and wider than last we met.’"
Balin," Wider, not shorter. Sharp enough for both of us."
Bilbo," Uh, excuse me; sorry, I hate to interrupt, ah, but the thing is, I’m not entirely sure you’re in the right house."
Dwalin, Have you eaten?
Bilbo," It’s not that I don’t like visitors; I-I like visitors as much as the next Hobbit, but I do like to"
Balin," Ah, that looks very nice indeed."
Dwalin, [indistinguishable]
Dwalin, What’s this?
Balin," I don’t know, [indistinguishable] cheese."
Bilbo," The thing is, um"
Balin, It’s gone blue.
Dwalin, It’s riddled with mold.
Bilbo," The thing is, um, I, I don’t know either of you, not in the slightest. I don’t mean to be blunt, but I uh, but I had to speak my mind. I’m sorry."
Balin, [indistinguishable]
Balin, Hm. Apology accepted.
Bilbo, Mm!
Balin," Ah, now fill it up, brother, don’t stint. I could eat again, if you insist."
Fili, Fili.
Kili, And Kili.
 together, At your service.
Kili, You must be Mr. Boggins.
Bilbo," Nope, you can’t come in, you’ve come to the wrong house."
Kili, What? Has it been cancelled?
Fili, No one told us.
Bilbo, Can--? No--nothing’s been cancelled.
Kili," Well, that’s a relief."
Fili," Careful with these, I just had ‘em sharpened."
Kili," It’s nice, this place. D’you you do it yourself?"
Bilbo," Ah, no, it’s been in the family for years. That’s my mother’s glory box, can you please not do that?!"
Dwalin," Fili, Kili, come on, give us a hand."
Kili, Mister Dwalin.
Balin," Let’s shove this in the hallway, otherwise we’ll never get everyone in."
Bilbo, Eveveryone? How many more are there?
Fili or Kili, Where do you want this?
Bilbo," Oh no. No, no! There’s nobody home. Go away, and bother somebody else. There’s far too many dwarves in my dining room as it is. If-if-If this is some clotterd’s idea of a joke, ha ha, I can only say, it is in very poor taste."
Bilbo, Gandalf.
Bilbo," Those are my plates! Excuse me! Not my wine. Put that back. Put that back! Not the jam, please! ...Excuse me."
Bilbo," Excuse me. A tad excessive, isn’t it? Have you got a cheese knife?"
Bofur, Cheese knife? He eats it by the block.
Bilbo," No, no, that’s Grandpa Mungo's chair! No, I’m sorry, you’ll have to take it back please. Take it back...It’s antique, not for sitting on! Thank you! That’s a book, not a coaster. Put that map down, thank you."
Oin, I cannot hear what you’re saying!
Dori," Excuse me, Mr. Gandalf, can I tempt you with a nice cup of chamomile tea?"
Gandalf," Oh, no thank you, Dori. A little red wine for me, I think."
Gandalf," Fili, Kili, Oin, Gloin, Dwalin, Balin, Bifur, Bofur, Bombur, Dori, Nori...Ori."
Gandalf," Yes, you’re quite right, Bifur. We appear to be one dwarf short."
Dwalin," He is late, is all. He travelled North to a meeting of our kin. He will come."
Dori, Mr. Gandalf?
Gandalf, Hmmm?
Dori," A little glass of red wine, as requested. It’s, eh, got a fruity bouquet."
Gandalf," Ah, Cheers."
Gandalf, Mm.
Bofur," Bombur, catch!"
Fili, Who wants an ale? There you go.
Dwalin, Let him have another drink!
Fili, Here you go.
Bilbo," Excuse me, that is a doily, not a dishcloth!"
Bofur, But it’s full of holes!
Bilbo," It’s supposed to look like that, it’s crochet."
Bofur," Oh, and a wonderful game it is too, if you got the balls for it."
Bilbo, Bebother and confusticate these dwarves!
Gandalf," My dear Bilbo, what on earth is the matter?"
Bilbo, What’s the matter? I’m surrounded by dwarves. What are they doing here?
Gandalf," Oh, they’re quite a merry gathering, once you get used to them."
Bilbo," I don’t want to get used to them. The state of my kitchen! There’s mud trod into the carpet, they’ve pipillaged the pantry. I’m not even going to tell you what they’ve done in the bathroom; they’ve all but destroyed the plumbing. I don’t understand what they’re doing in my house!"
Ori," Excuse me. I’m sorry to interrupt, but what should I do with my plate?"
Fili," Here you go, Ori, give it to me."
Gandalf, Oh!
Bilbo," Excuse me, that’s my mother’s West Farthing crockery, it’s over a hundred years old!"
Bilbo, And can-can you not do that? You’ll blunt them!
Bofur," Ooh, d’hear that, lads? He says we’ll blunt the knives."
Gandalf, He is here.
Thorin," Gandalf. I thought you said this place would be easy to find. I lost my way, twice. Wouldn’t have found it at all had it not been for that mark on the door."
Bilbo, Mark? There’s no mark on that door. It was painted a week ago!
Gandalf," There is a mark; I put it there myself. Bilbo Baggins, allow me to introduce the leader of our company, Thorin Oakenshield."
Thorin," So, this is the Hobbit. Tell me, Mr. Baggins, have you done much fighting?"
Bilbo, Pardon me?
Thorin, Axe or sword? What’s your weapon of choice?
Bilbo," Well, I have some skill at Conkers, if you must know, but I fail to see why that’s relevant."
Thorin, Thought as much. He looks more like a grocer than a burglar.
Balin, What news from the meeting in Ered Luin? Did they all come?
Thorin, Aye. Envoys from all seven kingdoms.
Dwalin, What do the dwarves of the Iron Hills say? Is Dain with us?
Thorin, They will not come.
Thorin," They say this quest is ours, and ours alone."
Bilbo, You’re going on a quest?
Gandalf," Bilbo, my dear fellow, let us have a little more light."
Gandalf," Far to the East, over ranges and rivers, beyond woodlands and wastelands, lies a single solitary peak."
reading the map, The Lonely Mountain.
Gloin," Aye. Oin has read the portents, and the portents say it is time."
Oin," Ravens have been seen flying back to the mountain as it was foretold: When the birds of yore return to Erebor, the reign of the beast will end."
Bilbo," Uh, What beast?"
Bofur," Well that would be a reference to Smaug the Terrible, chiefest and greatest calamity of our age. Airborne firebreather, teeth like razors, claws like meathooks, extremely fond of precious"
Bilbo," Yes, I know what a dragon is."
Ori, I’m not afraid! I’m up for it. I’ll give him a taste of the Dwarfish iron right up his jacksie.
Dori, Sit down!
Balin," The task would be difficult enough with an army behind us. But we number just thirteen, and not thirteen of the best, nor brightest."
Oin, What did he say?
Fili," We may be few in number, but we’re fighters, all of us, to the last dwarf!"
Kili," And you forget, we have a wizard in our company. Gandalf will have killed hundreds of dragons in his time."
Gandalf," Oh, well, now, uh, I-I-I wouldn’t say that, I- -"
Dori," How many, then?"
Gandalf," Uh, what?"
Dori," Well, how many dragons have you killed? Go on, give us a number!"
Gandalf, Hm.
Thorin," Shazara! [not translated onscreen: Silence!] If we have read these signs, do you not think others will have read them too? Rumours have begun to spread. The dragon Smaug has not been seen for 60 years. Eyes look east to the Mountain, assessing, wondering, weighing the risk. Perhaps the vast wealth of our people now lies unprotected. Do we sit back while others claim what is rightfully ours? Or do we seize this chance to take back Erebor? Du Bekâr! Du Bekâr! [not translated onscreen: To arms! To arms!]"
Balin, You forget: the front gate is sealed. There is no way into the mountain.
Gandalf," That, my dear Balin, is not entirely true."
Thorin, How came you by this?
Gandalf," It was given to me by your father, by Thrain, for safekeeping. It is yours now."
Fili," If there is a key, there must be a door."
Gandalf, These runes speak of a hidden passage to the lower halls.
Kili, There’s another way in!
Gandalf," Well, if we can find it, but dwarf doors are invisible when closed. The answer lies hidden somewhere in this map and I do not have the skill to find it. But there are others in Middleearth who can. The task I have in mind will require a great deal of stealth, and no small amount of courage. But, if we are careful and clever, I believe that it can be done."
Ori, That’s why we need a burglar.
Bilbo," Hm, A good one, too. An expert, I’d imagine."
Gloin, And are you?
Bilbo, Am I what?
Oin, He said he’s an expert! Hey hey!
Bilbo," M--Me? No, no, no, no, no. I’m not a burglar; I’ve never stolen a thing in my life."
Balin, I’m afraid I have to agree with Mr. Baggins. He’s hardly burglar material.
Dwalin," Aye, the wild is no place for gentlefolk who can neither fight nor fend for themselves."
Gandalf," Enough! If I say Bilbo Baggins is a burglar, then a burglar he is."
Gandalf," Hobbits are remarkably light on their feet. In fact, they can pass unseen by most if they choose. And while the dragon is accustomed to the smell of dwarf, the scent of hobbit is all but unknown to him, which gives us a distinct advantage. You asked me to find the fourteenth member of this company, and I have chosen Mr. Baggins. There’s a lot more to him than appearances suggest, and he’s got a great deal more to offer than any of you know, including himself. You must trust me on this."
Thorin, Very well. We will do it your way.
Bilbo," No, no, no."
Thorin, Give him the contract.
Bilbo, Please.
Bofur," Alright, we’re off!"
Balin," It’s just the usual summary of outofpocket expenses, time required, remuneration, funeral arrangements, so forth."
Bilbo, Funeral arrangements?
Thorin, I cannot guarantee his safety.
Gandalf, Understood.
Thorin, Nor will I be responsible for his fate.
Gandalf, Agreed.
reading," Terms: Cash on delivery, up to but not exceeding one fourteenth of total profit, if"
Bofur," Oh, aye, he’ll melt the flesh off your bones in the blink of an eye."
Bilbo, Huh.
Balin," You all right, laddie?"
Bilbo," Uh, yeah...Feel a bit faint."
Bofur, Think furnace with wings.
Bilbo," Air, I-I-I need air."
Bofur," Flash of light, searing pain, then Poof! you’re nothing more than a pile of ash."
Bilbo, Hmmm. Nope.
Gandalf," Ah, very helpful, Bofur."
Bilbo," I’ll be all right, let me just sit quietly for a moment."
Gandalf, You’ve been sitting quietly for far too long. Tell me; when did doilies and your mother’s
Bilbo," I can’t just go running off into the blue. I am a Baggins, of Bag End."
Gandalf," You are also a Took. Did you know that your great-great-great-great-uncle, Bullroarer"
Bilbo, Yes.
Gandalf," Well he could. In the Battle of Green Fields, he charged the goblin ranks. He swung his club so hard it knocked the Goblin King’s head clean off, and it sailed a hundred yards through the air and went down a rabbit hole. And thus the battle was won, and the game of golf invented at the same time."
Bilbo, I do believe you made that up.
Gandalf," Well, all good stories deserve embellishment. You’ll have a tale or two to tell of your own when you come back."
Bilbo, Can you promise that I will come back?
Gandalf," No. And if you do, you will not be the same."
Bilbo," That’s what I thought. Sorry, Gandalf, I can’t sign this. You’ve got the wrong Hobbit."
Balin," It appears we have lost our burglar. Probably for the best. The odds were always against us. After all, what are we? Merchants, miners, tinkers, toymakers; hardly the stuff of legend."
Thorin, There are a few warriors amongst us.
Balin, Old warriors.
Thorin," I will take each and every one of these dwarves over an army from the Iron Hills. For when I called upon them, they came. Loyalty. Honor. A willing heart. I can ask no more than that."
Balin, You don’t have to do this. You have a choice. You’ve done honorably by our people. You
Thorin," From my grandfather to my father, this has come to me. They dreamt of the day when the dwarves of Erebor would reclaim their homeland. There is no choice, Balin. Not for me."
Balin," Then we are with you, laddie. We will see it done."
Bilbo, Hello?
Neighbor, Hey! Mr. Bilbo! Where are you off to?
Bilbo," Can’t stop, I’m already late!"
Neighbor, Late for what?
Bilbo, I’m going on an adventure!
Bilbo, Wait! Wait!
Bilbo, I signed it!
Balin," Everything appears to be in order. Welcome, Master Baggins, to the company of Thorin"
Thorin, Give him a pony.
Bilbo," No, no, no, no, that--that won’t be necessary, thank you, but II’m sure I can keep up on foot. I--I--I’ve done my fair share of walking holidays, you know. I even got as far as Frogmorton"
Oin," Come on, Nori, pay up. Go on."
Oin," Hey, hey, hey!"
Bilbo, What’s that about?
Gandalf," Oh, they took wagers on whether or not you’d turn up. Most of them bet that you wouldn’t."
Bilbo, What did you think?
Gandalf, Hmmm.
Gandalf," My dear fellow, I never doubted you for a second."
Bilbo," Ohh. All this horse hair, I’m having a reaction."
Bilbo," No, no, wait, wait, stop! Stop! We have to turn around."
Gandalf, What on earth is the matter?
Bilbo, I forgot my handkerchief.
Bofur, Here! Use this.
Thorin, Move on.
Gandalf," You’ll have to manage without pocket-handkerchiefs and a good many other things, Bilbo Baggins, before we reach our journey’s end. You were born to the rolling hills and little rivers of the Shire, but home is now behind you; the world is ahead."
Bilbo," Hello, girl. That’s a good girl. It’s our little secret, Myrtle; you must tell no one. sh, sh"
Bilbo, What was that?
Kili, Orcs.
Bilbo, Orcs?
Fili, Throatcutters. There’ll be dozens of them out there. The lowlands are crawling with them.
Kili," They strike in the wee small hours, when everyone’s asleep. Quick and quiet; no screams, just lots of blood."
Thorin, You think that’s funny? You think a night raid by orcs is a joke?
Kili, We didn’t mean anything by it.
Thorin," No, you didn’t. You know nothing of the world."
Balin," Don’t mind him, laddie. Thorin has more cause than most to hate orcs. After the dragon took the Lonely Mountain, King Thror tried to reclaim the ancient dwarf kingdom of Moria. But our enemy had got there first."
Balin," Moria had been taken by legions of Orcs lead by the most vile of all their race: Azog, the"
 in flashback, Nooo!
Balin," Thrain, Thorin’s father, was driven mad by grief. He went missing, taken prisoner or killed, we did not know. We were leaderless. Defeat and death were upon us."
Balin, That is when I saw him: a young dwarf prince facing down the Pale Orc.
Balin," He stood alone against this terrible foe, his armor rent…wielding nothing but an oaken"
Balin," Azog, the Defiler, learned that day that the line of Durin would not be so easily broken."
Balin," Our forces rallied and drove the orcs back. Our enemy had been defeated. But there was no feast, no song, that night, for our dead were beyond the count of grief. We few had survived."
Balin," And I thought to myself then, there is one who I could follow. There is one I could call King."
Bilbo, But the pale orc? What happened to him?
Thorin, He slunk back into the hole whence he came. That filth died of his wounds long ago.
Yazneg, Send word to the Master. We have found the Dwarf-scum.
Dori," Here, Mr. Gandalf, can’t you do something about this deluge?"
Gandalf," It is raining, Master Dwarf, and it will continue to rain until the rain is done. If you wish to change the weather of the world, you should find yourself another wizard."
Bilbo, Are there any?
Gandalf, What?
Bilbo, Other wizards?
Gandalf," There are five of us. The greatest of our order is Saruman, the White. Then there are the two Blue Wizards; you know, I’ve quite forgotten their names."
Bilbo, And who is the fifth?
Gandalf," Well, that would be Radagast, the Brown."
Bilbo, Is he a great Wizard or is he...more like you?
Gandalf," I think he’s a very great wizard, in his own way. He’s a gentle soul who prefers the"
Radagast, Not good; not good at all.
Radagast, Oh no! Sebastian! Good gracious.
Radagast," Move back! Give him some air, for goodness sake!"
Radagast, I don’t understand why it’s not working; it’s not as if it’s witchcraft...
Radagast, Witchcraft. But it is. A dark and powerful magic.
Radagast, Lerya laman naiquentallo [not translated onscreen: Free the animal from the curse]. Sí a hlare ómaquettar [not translated onscreen: Now hear words of my voice] Na coilerya envinyanta [not translated onscreen: Be its life renewed]. Sí a hlare ómaquettar. Na coilerya envinyanta.
Radagast, Where on this good earth did those foul creatures come from?
Radagast, The old fortress? Show me.
Thorin," We’ll camp here for the night. Fili, Kili, look after the ponies. Make sure you stay with them."
Gandalf, A farmer and his family used to live here.
Thorin," Oin, Gloin."
Gloin, Aye?
Thorin, Get a fire going.
Gloin, Right you are.
Gandalf, I think it would be wiser to move on. We could make for the Hidden Valley.
Thorin," I have told you already, I will not go near that place."
Gandalf," Why not? The elves could help us. We could get food, rest, advice."
Thorin, I do not need their advice.
Gandalf, We have a map that we cannot read. Lord Elrond could help us.
Thorin," Help? A dragon attacks Erebor, what help came from the Elves? Orcs plunder Moria,"
Gandalf, You are neither of them. I did not give you that map and key for you to hold on to the past.
Thorin, I did not know that they were yours to keep.
Bilbo," Everything alright? Gandalf, where are you going?"
Gandalf, To seek the company of the only one around here who’s got any sense.
Bilbo, Who’s that?
Gandalf," Myself, Mr. Baggins! I’ve had enough of dwarves for one day."
Thorin," Come on, Bombur, we’re hungry."
 to Balin, Is he coming back?
Bilbo, He’s been a long time.
Bofur, Who?
Bilbo, Gandalf.
Bofur," He’s a wizard! He does as he chooses. Here, do us a favor: take this to the lads."
Bofur," Stop it, you’ve had plenty."
Bilbo, What’s the matter?
Kili, We’re supposed to be looking out for the ponies.
Fili, Only we’ve encountered a slight problem.
Kili, We had sixteen.
Fili, Now there’s fourteen.
Kili, Daisy and Bungo are missing.
Bilbo," Well, that’s not good. That is not good at all. Shouldn’t we tell Thorin?"
Fili," Uhh, no. Let’s not worry him. As our official burglar, we thought you might like to look into it."
Bilbo," Well, uh...look, somesomething big uprooted these trees."
Kili, That was our thinking.
Bilbo," Something very big, and possibly quite dangerous."
Fili, Hey! There’s a light. Over here! Stay down.
Bilbo, What is it?
Kili, Trolls.
Bilbo," He’s got Myrtle and Minty! I think they’re going to eat them, we have to do something."
Kili," Yes; you should. Mountain trolls are slow and stupid, and you’re so small."
Bilbo, N--n--no--
Kili, They’ll never see you.
Bilbo," No, no, no..."
Kili, It’s perfectly safe! We’ll be right behind you.
Fili," If you run into trouble, hoot twice like a barn owl, once like a brown owl."
Bilbo," Twice like a barn owl, twice like a brown--once like a brown? Are you sure this is a good"
Bert," Mutton yesterday, mutton today, and blimey, if it don’t look like mutton again tomorrow."
Tom, Quit yer’ griping. These ain’t sheep. These is West Nags!
William," Oh, I don’t like `orse. I never `ave. Not enough fat on them."
Bert," Well, it’s better than the leathery old farmer. All skin and bone, he was. I’m still picking bits of him out of me teeth."
Bert," Oh, that’s lovely, that is; a floater."
Tom," Oh, might improve the flavor!"
William, Ah! There’s more where that came from.
Bert, Oh no you don’t.
William, Ow! Ow! Ow!
Bert, Sit down.
William, I hope you’re gonna gut these nags. I don’t like the stinky parts.
Bert, I said sit down!
Tom, I’m starving! Are we `aving horse tonight or what?
Bert, Shut your cakehole. You’ll eat what I give ya’.
Tom, How come ‘e’s the cook? Everything tastes the same. Everything tastes like chicken.
William, Except the chicken.
Tom, That tastes like fish!
Bert," I’m just saying, a little appreciation would be nice. ‘Thank you very much, Bert,’ ‘Lovely stew, Bert’; how hard is that? Hmm, it just needs a sprinkle of squirrel dung."
Bert," There, that’s my grog!"
William," Uhh, uhh, sorry."
Bert," Ooh, that is beautifully balanced, that is."
Bert," Wrap your [indistinguishable] around that, mate. Eh? Good, innit? Heh, heh, heh. That’s why I’m the cook."
Tom," Me guts are grumbling, I’ve got to snaffle something. Flesh I need, flesh!"
William, Argh!!! Blimey! Bert! Bert! Look what’s come out of me ‘ooter! It’s got arms and legs and everything.
Tom, What is it?
William," I don’t know, but I don’t like the way it wriggles around!"
Tom, What are you then? An oversized squirrel?
Bilbo," I’m a burglaruhh, Hobbit."
William, A BurglaHobbit?
Tom, Can we cook `im?
William, We can try!
Bert," He wouldn’t make more than a mouthful, not when he’s skinned and boned!"
Tom, Perhaps there’s more BurglarHobbits around these parts. Might be enough for a pie.
Bert, Grab him!
William, It’s too quick!
Tom," Come here, you little... Gotcha! Are there any more of you little fellas `iding where you"
Bilbo, Nope.
William, He’s lying.
Bilbo, No I’m not!
William, Hold his toes over the fire. Make him squeal.
Kili, Drop him!
Tom, You what?
Kili," I said, drop him."
Kili, Bilbo!
Thorin, No!
Tom," Lay down your arms, or we’ll rip his off."
William, Don’t bother cooking them. Let’s just sit on them and squash them into jelly.
Bert, They should be sautéed and grilled with a sprinkle of sage.
Dori, Is this really necessary?
William," Ooh, that does sound quite nice."
Oin," Untie us, you monsters!"
Gloin, Take on someone your own size!
Tom," Never mind the seasoning; we ain’t got all night! Dawn ain’t far away, so let’s get a move on. I don’t fancy being turned to stone."
Bilbo, Wait! You are making a terrible mistake.
Dori," You can’t reason with them, they’re half-wits!"
Bofur, Half-wits? What does that make us?
Bilbo," Uh, I meant with the, uh, with, uh, with the seasoning."
Bert, What about the seasoning?
Bilbo, Well have you smelt them? You’re going to need something stronger than sage before you plate this lot up.
Tom, What do you know about cooking dwarf?
Bert," Shut up, and let the, uh, flurgaburburrahobbit talk."
Bilbo," Uh, th--the secret to cooking dwarf is, um--"
Bert, Yes? Come on.
Bilbo," It’s, uh"
Bert, Tell us the secret.
Bilbo," Ye--yes, I’m telling you, the secret is … to skin them first!"
Bert," Tom, get me the filleting knife."
Gloin," If I get you, you little"
Dwalin, I won’t forget that!
Tom," What a load of rubbish! I’ve eaten plenty with their skins on. Scuff them, I say, boots and all."
William, `e’s right! Nothing wrong with a bit of raw dwarf! Nice and crunchy.
Bilbo," Not--not that one, he--he’s infected!"
Tom, You what?
Bilbo," Yeah, He’s got worms in his … tubes."
Bilbo," In-in fact they all have, they’re ininfested with parasites. It’s a terrible business; I wouldn’t"
Oin," Parasites, did he say parasites?"
Kili, We don’t have parasites! You have parasites!
Gloin," What are you talking about, laddie?"
Oin, I’ve got parasites as big as my arm.
Kili," Mine are the biggest parasites, I’ve got huge parasites!"
Nori, We’re riddled.
Ori," Yes, I’m riddled."
Dori, Yes we are. Badly!
Tom," What would you have us do, then, let ‘em all go?"
Bilbo, Well...
Tom, You think I don’t know what you’re up to? This little ferret is taking us for fools!
Bilbo, Ferret?
Bert, Fools?
Gandalf, The dawn will take you all!
Bert, Who’s that?
Tom, No idea.
William, Can we eat `im too?
Dwalin," Oh, get your foot out of my back!"
 to Gandalf," Where did you go to, if I may ask?"
Gandalf, To look ahead.
Thorin, What brought you back?
Gandalf," Looking behind. Nasty business. Still, they are all in one piece."
Thorin, No thanks to your burglar.
Gandalf, He had the nous to play for time. None of the rest of you thought of that.
Gandalf, They must have come down from the Ettenmoors.
Thorin, Since when do mountain trolls venture this far south?
Gandalf," Oh, not for an age, not since a darker power ruled these lands."
Gandalf, They could not have moved in daylight.
Thorin, There must be a cave nearby.
Nori," Oh, what’s that stench?!"
Gandalf, It’s a troll hoard. Be careful what you touch.
Bofur, Seems a shame just to leave it lyin’ around. Anyone could take it.
Gloin," Agreed. Nori, get a shovel."
Thorin, These swords were not made by any troll.
Gandalf, Nor were they made by any smith among men.
Gandalf, These were forged in Gondolin by the High Elves of the First Age.
Gandalf, You could not wish for a finer blade.
Gloin, We’re makin’ a long term deposit.
Thorin," Let’s get out of this foul place. Come on, let’s go. Bofur! Gloin! Nori!"
Gandalf, Bilbo.
Bilbo, Hmm?
Gandalf, Here. This is about your size.
Bilbo, I can’t take this.
Gandalf, The blade is of Elvish make which means it will glow blue when orcs or goblins are
Bilbo, I have never used a sword in my life.
Gandalf," And I hope you never have to. But if you do, remember this: true courage is about knowing not when to take a life, but when to spare one."
Thorin, Something’s coming!
Bilbo, Gandalf
Gandalf, Stay together! Hurry now. Arm yourselves.
Radagast, Thieves! Fire! Murder!
Gandalf, Radagast! Radagast the Brown. Ah. What on earth are you doing here?
Radagast," I was looking for you, Gandalf. Something’s wrong. Something’s terribly wrong."
Gandalf, Yes?
Radagast," Oh, just give me a minute. Um, oh, I had a thought, and now I’ve lost it. It was, it was right there, on the tip of my tongue."
Radagast," Oh, it’s not a thought at all; it’s a silly old..."
Radagast, stick insect!
Radagast," The Greenwood is sick, Gandalf. A darkness has fallen over it. Nothing grows any more, at least nothing good. The air is foul with decay. But worst are the webs."
Gandalf, Webs? What do you mean?
Radagast," Spiders, Gandalf. Giant ones. Some kind of spawn of Ungoliant, or I am not a Wizard. I followed their trail. They came from Dol Guldur."
Gandalf, Dol Guldur? But the old fortress is abandoned.
Radagast," No, Gandalf, it is not."
 narrating," A dark power dwells there, such as I have never felt before. It is the shadow of an ancient horror."
 narrating, One that can summon the spirits of the dead.
 narrating," I saw him, Gandalf. From out of the darkness, a Necromancer has come."
Radagast, Quick! Quickly! Run! Wait for me!
Radagast, I’m sorry.
Gandalf, Try a bit of Old Toby. It’ll help settle your nerves.
Gandalf, And out.
Gandalf," Now, a Necromancer. Are you sure?"
Radagast, That is not from the world of the living.
Bilbo, Was that a wolf? Are there--are there wolves out there?
Bofur," Wolves? No, that is not a wolf."
Thorin, Warg-Scouts! Which means an Orc pack is not far behind.
Bilbo, Orc pack?
Gandalf," Who did you tell about your quest, beyond your kin?"
Thorin, No one.
Gandalf, Who did you tell?
Thorin," No one, I swear. What in Durin’s name is going on?"
Gandalf,You are being hunted.
Dwalin, We have to get out of here.
Ori, We can’t! We have no ponies; they bolted.
Radagast, I’ll draw them off.
Gandalf, These are Gundabad Wargs; they will outrun you.
Radagast, These are Rhosgobel Rabbits; I’d like to see them try.
Radagast, Come and get me! Ha ha!
Gandalf, Come on!
Gandalf, Stay together.
Thorin, Move!
Thorin," Ori, no! Come back!"
Gandalf, Come on! Quick!
Thorin, Where are you leading us?
Yazneg, The Dwarf-scum are over there! After them!
Gandalf, Move. Run!
Gloin, There they are!
Gandalf, This way! Quickly!
Kili, There’s more coming!
Thorin, Kili! Shoot them!
Fili, We’re surrounded!
Kili, Where is Gandalf?
Dwalin, He has abandoned us!
Thorin, Hold your ground!
Gandalf," This way, you fools!"
Thorin," Come on, move! Quickly, all of you! Go, go, go!"
Gandalf," Nine, ten"
Thorin, Kili! Run!
Thorin, Elves.
Dwalin, I cannot see where the pathway leads. Do we follow it or no?
Bofur," Follow it, of course!"
Gandalf, I think that would be wise.
Gandalf," The Valley of Imraldis. In the Common Tongue, it’s known by a another name."
Bilbo, Rivendell.
Gandalf, Here lies the last Homely House east of the sea.
Thorin," This was your plan all along, to seek refuge with our enemy."
Gandalf," You have no enemies here, Thorin Oakenshield. The only ill-will to be found in this valley is that which you bring yourself."
Thorin, You think the Elves will give our quest their blessing? They will try to stop us.
Gandalf, Of course they will. But we have questions that need to be answered. If we are to be
Lindir, Mithrandir.
Gandalf," Ah, Lindir!"
Thorin, Stay sharp.
Gandalf, I must speak with Lord Elrond.
Lindir, My lord Elrond is not here.
Gandalf, Not here? Where is he?
Thorin, Ifridî bekâr! [translated: Ready weapons!’] Hold ranks!
Elrond, Gandalf.
Gandalf, Lord Elrond. Mellonnen! Mo evínedh? [subtitle: My friend! Where have you been?]
Elrond, Farannem ‘lamhoth i udul o charad. Dagannem rim na Iant Vedui. [subtitle: We’ve been
Elrond," Strange for Orcs to come so close to our borders. Something, or someone, has drawn them near."
Gandalf," Ah, that may have been us."
Elrond," Welcome Thorin, son of Thrain."
Thorin, I do not believe we have met.
Elrond, You have your grandfather’s bearing. I knew Thror when he ruled under the Mountain.
Thorin, Indeed; he made no mention of you.
Elrond," Nartho i noer, toltho i viruvor. Boe i annam vann a nethail vin. [no subtitles; translation is: Light the fires, bring forth the wine. We must feed our guests.]"
Gloin, What is he saying? Does he offer us insult?
Gandalf," No, master Gloin, he’s offering you food."
Gloin," Ah well, in that case, lead on."
Dori, Try it. Just a mouthful.
Ori, I don’t like green food.
Dwalin, Where’s the meat?
Ori, Have they got any chips?
Gandalf, Kind of you to invite us. I'm not really dressed for dinner.
Elrond," Well, you never are."
Elrond," This is Orcrist, the Goblin Cleaver. A famous blade, forged by the High Elves of the West, my kin. May it serve you well."
Elrond," And this is Glamdring, the Foehammer, sword of the King of Gondolin. These swords were made for the goblin wars of the First Age..."
Balin," I wouldn’t bother, laddie. Swords are named for the great deeds they do in war."
Bilbo," What are you saying, my sword hasn’t seen battle?"
Balin," I’m not actually sure it is a sword; more of a letter opener, really."
Elrond, How did you come by these?
Gandalf," We found them in a troll hoard on the Great East Road, shortly before we were ambushed by orcs."
Elrond, And what were you doing on the Great East Road?
Thorin, Our business is no concern of elves.
Gandalf," For goodness sake, Thorin, show him the map."
Thorin," It is the legacy of my people; it is mine to protect, as are its secrets."
Gandalf, Save me from the stubbornness of Dwarves. Your pride will be your downfall. You stand
Balin," Thorin, no!"
Elrond, Erebor. What is your interest in this map?
Gandalf," It’s mainly academic. As you know, this sort of artifact sometimes contains hidden text. You still read Ancient Dwarvish, do you not?"
Elrond, Cirth Ithil.
Gandalf, Moon runes. Of course. An easy thing to miss.
Elrond," Well in this case, that is true; moon runes can only be read by the light of a moon of the"
Thorin, Can you read them?
Elrond," These runes were written on a Midsummer’s Eve by the light of a crescent moon nearly two hundred years ago. It would seem you were meant to come to Rivendell. Fate is with you, Thorin Oakenshield; the same moon shines upon us tonight."
Elrond," Stand by the gray stone when the thrush knocks, and the setting sun with the last light of Durin’s Day will shine upon the keyhole."
Bilbo, Durin’s Day?
Gandalf," It is the start of the dwarves’ new year, when the last moon of autumn and the first sun of winter appear in the sky together."
Thorin, This is ill news. Summer is passing. Durin’s Day will soon be upon us.
Balin, We still have time.
Bilbo, Time? For what?
Balin, To find the entrance. We have to be standing at exactly the right spot at exactly the right
Elrond," So this is your purpose, to enter the Mountain."
Thorin, What of it?
Elrond, There are some who would not deem it wise.
Gandalf, Who do you mean?
Elrond, You are not the only guardian to stand watch over Middle-earth.
Yazneg," Khozdayin… Dorguz… zuranimid. [subtitle: The Dwarves, Master... we lost them.] Shugi golgai gelnakhanishim [subtitle: Ambushed by Elvish filth, we were]"
Azog, Sha nargiz obhakhtil… [subtitle: I don’t want excuses...] Nargiz khobdi Rani Khozdil! 
Yazneg, Murganish dum…Turim hag shad. [subtitle: We were outnumbered...there was nothing we could do.] Zorzor gokairaz obguraniz. [subtitle: I barely escaped with my life.]
Azog, Ki gokairag baganig. [subtitle: Far better you had paid with it.]
Azog," Khozdshrakhun gud sha kilyashzag. [subtitle: The Dwarfscum will show themselves soon enough.] Zidgar obod tung nash ru khobdud! [subtitle: Send out word, there is a price on their heads!]"
Bofur, Bombur!
Gandalf," With or without our help, these dwarves will march on the mountain. They are determined to reclaim their homeland. I do not believe Thorin Oakenshield feels that he’s answerable to anyone. Nor for that matter am I."
Elrond, It is not me you must answer to.
Gandalf, Lady Galadriel.
Galadriel, Mithrandir. It has been a long time.
Gandalf," Nae nin gwistant infanneth, mal úeichia i Chíril Lorien. [subtitle: ‘Age may have changed me, but not so the Lady of Lorien.]"
Gandalf, I had no idea Lord Elrond had sent for you.
Saruman, He didn’t. I did.
Gandalf, Saruman.
Saruman," You’ve been busy of late, my friend."
Saruman," Tell me, Gandalf, did you think these plans and schemes of yours would go unnoticed?"
Gandalf," Unnoticed? No, I’m simply doing what I feel to be right."
Galadriel, The dragon has long been on your mind.
Gandalf," This is true, my lady. Smaug owes allegiance to no one. But if he should side with the"
Saruman," What enemy? Gandalf, the enemy is defeated. Sauron is vanquished. He can never regain his full strength."
Elrond," Gandalf, for four hundred years, we have lived in peace. A hardwon, watchful peace."
Gandalf," Are we? Are we at peace? Trolls have come down from the mountains. They are raiding villages, destroying farms. Orcs have attacked us on the road."
Elrond, Hardly a prelude to war.
Saruman," Always you must meddle, looking for trouble where none exists."
Galadriel, Let him speak.
Gandalf," There is something at work beyond the evil of Smaug. Something far more powerful. We can remain blind, but it will not be ignoring us, that I can promise you. A sickness lies over the Greenwood. The woodsmen who live there now call it ‘Mirkwood’. and they say..."
Saruman," Well, don’t stop now. Tell us about the woodsmen say."
Gandalf," They speak of a Necromancer living in Dol Guldur, a sorcerer who can summon the dead."
Saruman, That’s absurd. No such power exists in the world. This...Necromancer is nothing more than a mortal man. A conjurer dabbling in black magic.
Gandalf," And so I thought too. But, Radagast has seen"
Saruman, Radagast? Do not speak to me about Radagast the Brown. He is a foolish fellow.
Gandalf," Well, he’s odd, I grant you. He lives a solitary life."
Saruman," It’s not that. It’s his excessive consumption of mushrooms. They’ve addled his brain and yellowed his teeth. I warned him, it is unbefitting of the Istari to be wander in the woods..."
 telepathically, You carry something. It came to you from Radagast. He found it in Dol
 telepathically, Yes.
 telepathically, Show me.
Saruman, …or I’d think I was talking to myself…
Elrond, What is that?
Galadriel, A relic of Mordor.
Elrond, A Morgul blade.
Galadriel," Made for the Witchking of Angmar, and buried with him. When Angmar fell, men of the North took his body and all that he possessed and sealed it within the HighFells of Rhudaur. Deep within the rock they buried them, in a tomb so dark it would never come to light."
Elrond, This is not possible. A powerful spells lies upon those tombs; they cannot be opened.
Saruman, What proof do we have this weapon came from Angmar’s grave?
Gandalf, I have none.
Saruman," Because there is none. Let us examine what we know. A single Orc pack has dared to cross the Bruinen. A dagger from a bygone age has been found. And a human sorcerer, who calls himself the Necromancer, has taken up residence in a ruined fortress. It’s not so very much, after all. The question of this dwarvish company, however, troubles me deeply. I’m not convinced, Gandalf; I do not feel I can condone such a quest. If they’d come to me, I might have spared them this disappointment. I do not pretend to understand your reasons for raising their hopes…"
 telepathically, They are leaving.
 telepathically, Yes.
 telepathically, You knew.
Saruman, …I am afraid there is nothing else for it.
Lindir," My Lord Elrond; the dwarves, they’ve gone."
Thorin," Be on your guard; we’re about to step over the edge of the Wild. Balin, you know these"
Balin, Aye.
Thorin," Master Baggins, I suggest you keep up."
Galadriel, You will follow them?
Gandalf, Yes.
Galadriel," You are right to help Thorin Oakenshield. But I fear this quest has set in motion forces we do not yet understand. The riddle of the Morgul blade must be answered. Something moves in the shadows, unseen, hidden from our sight. It will not show itself, not yet. But every day it grows in strength. You must be careful."
Gandalf, Yes.
Galadriel, Mithrandir? Why the Halfling?
Gandalf," I don’t know. Saruman believes that it is only great power that can hold evil in check. But that is not what I have found. I’ve found it is the small things, everyday deeds of ordinary folk, that keeps the darkness at bay. Simple acts of kindness and love. Why Bilbo Baggins? Perhaps it is because I am afraid, and he gives me courage."
 telepathically," Do not be afraid, Mithrandir."
 aloud, You are not alone.
Galadriel," Ae boe i le eliathon, im tulithon. [subtitle: If you should ever need my help, I will come.]"
Thorin, Hold on!
Thorin, We must find shelter!
Dwalin, Watch out!
Balin, This is no thunderstorm; it’s a thunder battle! Look!
Bofur," Well bless me, the legends are true. Giants; Stone Giants!"
Thorin, Take cover: you’ll fall!
Kili, What’s happening?
Fili, Kili! Grab my hand! Ki...
Thorin, No! No! Kili!
Balin, We’re all right! We’re alive!
Bofur, Where’s Bilbo? Where’s the Hobbit?
Ori, There!
Dwalin, Get him!
Dwalin, I thought we’d lost our burglar.
Thorin, He’s been lost ever since he left home. He should never have come. He has no place
Dwalin, It looks safe enough.
Thorin, Search to the back; caves in mountains are seldom unoccupied.
Dwalin, There’s nothing here.
Gloin, Right then! Let’s get a fire started.
Thorin," No, No fires, not in this place. Get some sleep. We start at first light."
Balin, We were to wait in the mountains until Gandalf joined us. That was the plan.
Thorin," Plans change. Bofur, take the first watch."
Azog, [subtitle: The scent is fresh! They have taken the mountain pass.]
Bofur, Where do you think you’re going?
Bilbo, Back to Rivendell.
Bofur," No, no, you can’t turn back now, you’re part of the Company. You’re one of us."
Bilbo," I’m not though, am I? Thorin said I should never have come, and he was right. I’m not a Took, I’m a Baggins, I don’t know what I was thinking. I should never have run out my door."
Bofur, You’re homesick; I understand.
Bilbo," No, you don’t, you don’t understand! None of you do you’re dwarves. You used to to"
Bilbo," I am sorry, I didn’t..."
Bofur," No, you’re right. We don’t belong anywhere. I wish you all the luck in the world. I really do."
Bofur, What’s that?
Thorin, Wake up. Wake up!
Great Goblin, Who would be so bold as to come armed into my kingdom? Spies? Thieves?
Grinnah," Dwarves, Your Malevolence."
Great Goblin, Dwarves?
Grinnah, We found them on the front porch.
Great Goblin," Well, don’t just stand there; search them! Every crack, every crevice."
Great Goblin, What are you doing in these parts? Speak!
Great Goblin," Well then, if they will not talk, we’ll make them squawk! Bring out the Mangler! Bring out the Bone Breaker! Start with the youngest."
Thorin, Wait.
Great Goblin," Well, well, well, look who it is. Thorin son of Thrain, son of Thror; King under the"
Great Goblin," Oh, but I’m forgetting, you don’t have a mountain. And you’re not a king. Which makes you nobody, really. I know someone who would pay a pretty price for your head. Just the head, nothing attached. Perhaps you know of whom I speak, an old enemy of yours. A Pale Orc astride a White Warg."
Thorin, Azog the Defiler was destroyed. He was slain in battle long ago.
Great Goblin," So you think his defiling days are done, do you?"
Great Goblin, Send word to the Pale Orc; tell him I have found his prize.
Gollum, Yes. Yes. Yes! Yes! Gollum. Gollum.
Gollum," Nasty goblinses. Better than old bones, Precious; better than nothing."
Smeagol," Too many boneses, Precious! Nothing of flesh!"
Gollum, Shut up! Get its skin off. Start with its head.
 singing," The cold hard lands, they bites our hands, they gnaws our feet. The rocks and stones, they’re like old bones, all bare of meat. Cold as death, they have no breath, it’s good to eat!"
Gollum," Bless us and splash us, Precious! That’s a meaty mouthful."
Gollum, Aaahh. Gollum. Gollum. Ack
Bilbo," Back. Stay back. I’m warning you, don’t come any closer."
Gollum," It’s got an elfish blade, but it’s not an Elfs. Not an Elfs, no. What is it, Precious? What is it?"
Bilbo, My name is Bilbo Baggins.
Gollum," Bagginses? What is a Bagginses, Precious?"
Bilbo, I’m a Hobbit from the Shire.
Gollum," Oh! We like Goblinses, batses, and fishes, but we hasn’t tried Hobbitses before. Is it soft? Is it juicy?"
Bilbo," Now, now, K--keep your distance! I’ll use this if I have to!"
Bilbo," I don’t want any trouble, do you understand? Just show me the way to get out of here, and I’ll be on my way."
Gollum," Why, is it lost?"
Bilbo," Yes, yes, and I want to get unlost as soon as possible."
Gollum, Ooh! We knows! We knows safe paths for Hobbitses. Safe paths in the dark.
Gollum, Shut up.
Bilbo, I didn’t say anything.
Gollum, Wasn’t talking to you.
Gollum," But yes, we was, Precious, we was."
Bilbo," Look, uh, I don’t know what your game is, but I"
Gollum," Games? We love games, doesn’t we, Precious? Does it like games? Does it? Does it? Does it like to play?"
Bilbo, Maybe?
Gollum," What has roots as nobody sees, is taller than trees. Up, up, up it goes, and yet, never"
Bilbo, ...The mountain.
Gollum," Yess, yess, oh, let’s have another one, eh? Yes, come on, do it again, do it—do it again. Ask us."
Gollum, No! No more riddles. Finish him off. Finish him now. Gollum! Gollum!
Bilbo," No! No, no, no. I wa—I want to play. I do. I want to play. I can see you are very good at this. S—so why don’t we have a game of riddles? Yes, just, just you and me."
Gollum," Yes! Yes, just, just—just us."
Bilbo," Yes. Yes. And—and if I win, you show me the way out."
Gollum, Yes. Yes 
Gollum, And if it loses? What then?
Gollum," Well, if it loses, Precious, we will eats it!"
Gollum," If Baggins loses, we eats it whole."
Bilbo, Fair enough.
Gollum," Well, Baggins first."
Bilbo," Thirty white horses on a red hill. First they champ, then they stamp, then they stand still."
Gollum, Teeth?
Gollum," Teeth!! Yes, my Precious. But we—we—we only have nine."
Gollum," Our turn. Voiceless it cries, wingless flutters, toothless bites, mouthless mutters."
Bilbo, Just a minute.
Gollum," Oh, oh! We knows. We knows!"
Gollum, Shut up.
Bilbo, Wind. It’s wind! Of course it is.
Gollum," Very clever, Hobbitses, very clever."
Bilbo," Ah, ah, ah, ah. A—a box without hinges, key, o—or, or lid; yet golden treasure inside is hid."
Gollum, A box...and a lid...and then a key....
Bilbo, Well?
Gollum," It’s nasty. Uh, box, uh..."
Bilbo, Give up?
Gollum," Give us a chance, Precious, give us a chance!"
Gollum," Eggses! Eggses! [He laughs.] What crunchy little eggses, yes. Grandmother taught us to suck them, yes."
Gollum," Ahh. We have one for you: All things it devours, birds, beasts, trees, flowers. Gnaws iron, bites steel, grinds hard stones to meal. Answer us."
Bilbo," Give me a moment, please, I gave you a good long while."
Bilbo, I don’t know this one.
Gollum, Is it tasty? Is it scrumptious? Is it crunchable?
Bilbo, Let me think. Let me think.
Gollum, It’s stuck. Bagginses is stuck.
Gollum, Time’s up.
Bilbo, Time. Ti—the answer is time.
Bilbo," Actually, it wasn’t that hard."
Gollum, Last question. Last chance.
Bilbo," Ah, uh...."
Gollum, Ask us. ASK US!!
Bilbo," Yes, yes, alright."
Bilbo, What have I got in my pocket?
Gollum, That’s not fair. It’s not fair! It’s against the rules!
Gollum, Ask us another one.
Bilbo," No, no, no, no. You said ‘Ask me a question.’ Well, that is my question. What have I got in my pocket?"
Gollum," Three guesses, Precious. It must give us three."
Bilbo," Three guesses. Very well, guess away."
Gollum, Handses!
Bilbo," Wrong, guess again."
Gollum," Fishbones, goblins’ teeth, wet shells, bat’s wings ... Knife!"
Gollum," Oh, shut up."
Bilbo, Wrong again. Last guess.
Gollum, String!
Gollum, Or nothing.
Bilbo, Two guesses at once; wrong both times.
Bilbo," So, come then, I won the game, you promised to show me the way out."
Gollum," Did we say so, Precious? Did we say so?"
Gollum, What has it got in its pocketses?
Bilbo, That’s no concern of yours. You lost.
Gollum, Lost? Lost? Lost?
Gollum, Where is it? Where is it? No! Ahh! Where is it? No! No!!!
Gollum," Lost! Curses and splashes, my precious is lost!"
Bilbo, What have you lost?
Gollum," Mustn't ask us! Not its business! No! Gollum, Gollum."
Gollum, What has it got in its nasty little pocketses?
Gollum, He stole it. He stole it! Ahh! HE STOLE IT!
Great Goblin," Bones will be shattered, necks will be wrung! You’ll be beaten and battered, from"
Great Goblin," I know that sword! It is the GoblinCleaver, the Biter, the blade that sliced a thousand necks."
Great Goblin, Slash them! Beat them! Kill them! Kill them all! Cut off his head!
Gandalf, Take up arms. Fight. Fight!
Great Goblin," He wields the FoeHammer, the Beater, bright as daylight!"
Dwarf, Nori!
Gandalf, Follow me. Quick! Run!
Gollum, Give it to us!
Gollum, It’s ours. It’s ours!
Gollum, Thief! Baggins!
Gandalf, Quickly!
A dwarf, Faster!
Dwalin, Post!
Dwalin, Charge!
Thorin, Cut the ropes!
Gandalf, Quickly!
Thorin, Jump!
Great Goblin, You thought you could escape me?
Great Goblin," What are you going to do now, wizard?"
Great Goblin," Ow, ow, ow!"
Great Goblin, That’ll do it.
Bofur," Well, that could have been worse."
Dwalin, You’ve got to be joking!
Kili, Gandalf!
Dwalin, There’s too many! We can’t fight them.
Gandalf," Only one thing will save us: daylight! Come on! Here, on your feet!"
Gollum," Wait, my Precious! Wait! Gollum, Gollum."
Gollum," Baggins! Thief! Curse it and crush it, we hates it forever!"
Gandalf," Five, six, seven, eight...Bifur, Bofur...that’s ten...Fili, Kili...that’s twelve...and Bombur that makes thirteen. Where’s Bilbo? Where is our Hobbit? Where is our hobbit?!"
Dwalin, Curse the halfling! Now he’s lost?!
Gloin, I thought he was with Dori!
Dori, Don’t blame me!
Gandalf," Well, where did you last see him?"
Nori," I think I saw him slip away, when they first collared us."
Gandalf, What happened exactly? Tell me!
Thorin, I’ll tell you what happened. Master Baggins saw his chance and he took it! He’s thought of nothing but his soft bed and his warm hearth since first he stepped out of his door! We will not be seeing our Hobbit again. He is long gone.
Bilbo," No, he isn’t."
Gandalf, Bilbo Baggins! I’ve never been so glad to see anyone in my life!
Kili," Bilbo, we’d given you up!"
Fili, How on earth did you get past the Goblins?!
Dwalin," How, indeed."
Gandalf," Well, what does it matter? He’s back!"
Thorin, It matters! I want to know: why did you come back?
Bilbo," Look, I know you doubt me, I know you always have. And you’re right, I often think of Bag End. I miss my books. And my armchair. And my garden. See, that’s where I belong. That’s home. And that’s why I came back, cause you don’t have one. A home. It was taken from you. But I will help you take it back if I can."
Azog, [subtitle: Run them down! Tear them to pieces!]
Thorin, Out of the frying pan...
Gandalf, ...and into the fire! Run! RUN!
Gandalf," Up into the trees, all of you! Come on, climb! Bilbo, climb!"
Thorin, They’re coming!
Thorin, Azog?!
Azog," Nuzdigid? Nuzdi gast? [subtitle: Do you smell it? The scent of fear?] Ganziligi unarug obod nauzdanish, Torin undag Trainob."
Thorin, It cannot be.
Azog," Kod, Toragid biriz. [subtitle: That one is mine.] Wororida! [subtitle: Kill the others!]"
Azog, Sho gad adol! [subtitle: Drink their blood!]
Gandalf, Fili!
Ori, Aahhh! Oh! Oh no!
Dori, Mister Gandalf!
Dori," Hold on, Ori!"
Ori, Help!
Balin, Nooo!
Dwalin, Thorin! Nooo!
Azog, Biriz torag khobdudol. [subtitle: Bring me the Dwarf’s head.]
Azog, [subtitle: Kill him.]
Fili, Thorin!
Gandalf, Thorin! Thorin.
Thorin, The halfling?
Gandalf, It’s all right. Bilbo is here. He’s quiet safe.
Thorin, You! What were you doing? You nearly got yourself killed! Did I not say that you would be a burden? That you would not survive in the wild and that you had no place amongst us?
Thorin, I’ve never been so wrong in all my life!
Thorin, I am sorry I doubted you.
Bilbo," No, I would have doubted me too. I’m not a hero or a warrior...not even a burglar."
Bilbo, Is that what I think it is?
Gandalf, Erebor—The Lonely Mountain. The last of the great dwarf kingdoms of Middleearth.
Thorin, Our home.
Oin, A raven! The birds are returning to the mountain.
Gandalf," That, my dear Oin, is a thrush."
Thorin, But we’ll take it as a sign a good omen.
Bilbo, You’re right. I do believe the worst is behind us.
